_id,Name,Gender,City,Account no,Bank Name,IFSC code,Contact No
ID12101,John,MALE,Ahmedabad,345678277,co-operative bank,CB0660002,9923458901
ID12102,William,MALE,Ahmedabad,334678277,co-operative bank,CB0660002,9923458902
ID12103,James,FEMALE,Ahmedabad,345678277,co-operative bank,CB0660002,9923458903
ID12104,Charles,FEMALE,Ahmedabad,345008277,co-operative bank,CB0660002,9923458904
ID12105,George,FEMALE,Ahmedabad,345678887,co-operative bank,CB0660002,9923458905
ID12106,Frank,FEMALE,Ahmedabad,345600277,co-operative bank,CB0660002,9923458906
ID12107,Joseph,MALE,Ahmedabad,345678000,co-operative bank,CB0660002,9923458907
ID12108,Thomas,MALE,Ahmedabad,342278277,co-operative bank,CB0660002,9923458908
ID12109,Henry,FEMALE,Ahmedabad,345699277,co-operative bank,CB0660002,9923458909
ID12110,RIA,FEMALE,Ahmedabad,345678977,co-operative bank,CB0660002,9923458911
ID12111,Edward,FEMALE,Ahmedabad,345645277,co-operative bank,CB0660002,9923458921
ID12112,Harry,FEMALE,Ahmedabad,345699977,co-operative bank,CB0660002,9923458931
ID12113,Walter,FEMALE,Ahmedabad,378678277,co-operative bank,CB0660002,9923458941
ID12114,Arthur,FEMALE,Ahmedabad,300678277,co-operative bank,CB0660002,9923458951
ID12115,Fred,MALE,Ahmedabad,340000277,co-operative bank,CB0660002,9923458561
ID12116,Albert,FEMALE,Ahmedabad,345555277,co-operative bank,CB0660002,9923456701
ID12117,Samuel,FEMALE,Ahmedabad,342222277,co-operative bank,CB0660002,9923466601
ID12118,David,FEMALE,Ahmedabad,347899977,co-operative bank,CB0660002,9966777801
ID12119,Louis,FEMALE,Ahmedabad,345666677,co-operative bank,CB0660002,9934445501
ID12120,Joe,MALE,Ahmedabad,342323277,co-operative bank,CB0660002,9924555551
ID12121,Charlie,MALE,Ahmedabad,345700277,co-operative bank,CB0660002,9944556677
ID12122,Clarence,MALE,Ahmedabad,344300977,co-operative bank,CB0660002,9945555561
ID12123,Richard,MALE,Ahmedabad,345888177,co-operative bank,CB0660002,9924444441
ID12124,Andrew,FEMALE,Ahmedabad,345555277,co-operative bank,CB0660002,9923567771
ID12125,Daniel,MALE,Ahmedabad,300010277,Yes bank,YB0770001,9944902331
ID12126,Ernest,MALE,Ahmedabad,379000027,Yes bank,YB0770001,9924444531
ID12127,Will,MALE,Ahmedabad,327888907,Yes bank,YB0770001,9945567801
ID12128,Jesse,FEMALE,Ahmedabad,346767697,Yes bank,YB0770001,9929995501
ID12129,Oscar,FEMALE,Ahmedabad,345678977,Yes bank,YB0770001,9923677601
ID12130,Lewis,MALE,Ahmedabad,345875877,Yes bank,YB0770001,9923567441
ID12131,Peter,MALE,Ahmedabad,345678277,Yes bank,YB0770001,9922211331
ID12132,Benjamin,FEMALE,Ahmedabad,345909977,Yes bank,YB0770001,9927888661
ID12133,Frederick,MALE,Ahmedabad,345695657,Yes bank,YB0770001,9922355671
ID12134,Willie,FEMALE,Ahmedabad,345611134,Yes bank,YB0770001,9925677881
ID12135,Alfred,MALE,Ahmedabad,345634567,Yes bank,YB0770001,9922345561
ID12136,Sam,FEMALE,Ahmedabad,348984277,Yes bank,YB0770001,9920000001
ID12137,Roy,MALE,Ahmedabad,349066327,Yes bank,YB0770001,9901022341
ID12138,Herbert,MALE,Ahmedabad,347860127,Yes bank,YB0770001,8934588201
ID12139,Jacob,FEMALE,Ahmedabad,347877787,Yes bank,YB0770001,9000123456
ID12140,Tom,FEMALE,Ahmedabad,347890007,Yes bank,YB0770001,9456228122
ID12141,Elmer,MALE,Ahmedabad,347094337,Yes bank,YB0770001,9914458890
ID12142,Carl,FEMALE,Ahmedabad,348340177,Yes bank,YB0770001,9238890110
ID12143,Lee,MALE,Ahmedabad,341122467,Yes bank,YB0770001,9923776543
ID12144,Howard,FEMALE,Ahmedabad,347899887,Yes bank,YB0770001,9923456654
ID12145,Martin,MALE,Ahmedabad,390755677,Yes bank,YB0770001,9923488890
ID12146,Michael,MALE,Ahmedabad,348990437,Yes bank,YB0770001,9001760011
ID12147,Bert,MALE,Ahmedabad,348898577,Yes bank,YB0770001,9923450011
ID12148,Herman,MALE,Ahmedabad,345890057,Yes bank,YB0770001,9924556701
ID12149,Jim,MALE,Ahmedabad,349095577,Yes bank,YB0770001,9788881101
ID12150,Francis,FEMALE,Ahmedabad,345905647, HDFC bank,HDF033301,9923458901
ID12151,Harvey,FEMALE,Ahmedabad,348988077, HDFC bank,HDF033301,9234589531
ID12152,Earl,MALE,Ahmedabad,348984377, HDFC bank,HDF033301,9923400011
ID12153,Eugene,MALE,Ahmedabad,342000133, HDFC bank,HDF033301,9923456801
ID12154,Ralph,MALE,Ahmedabad,348899997, HDFC bank,HDF033301,9006458901
ID12155,Ed,MALE,Ahmedabad,340000007, HDFC bank,HDF033301,9923400121
ID12156,Claude,FEMALE,Ahmedabad,333442217, HDFC bank,HDF033301,9923499901
ID12157,Edwin,FEMALE,Ahmedabad,378999447, HDFC bank,HDF033301,9923486901
ID12158,Ben,MALE,Ahmedabad,346744127, HDFC bank,HDF033301,9923499001
ID12159,Charley,FEMALE,Ahmedabad,349077747, HDFC bank,HDF033301,9923490101
ID12160,Paul,MALE,Ahmedabad,300003117, HDFC bank,HDF033301,9923453501
ID12161,Edgar,FEMALE,Ahmedabad,345899000, HDFC bank,HDF033301,9999223401
ID12162,Isaac,FEMALE,Ahmedabad,349000234, HDFC bank,HDF033301,7000104501
ID12163,Otto,FEMALE,Ahmedabad,340012377, HDFC bank,HDF033301,9791246701
ID12164,Luther,MALE,Ahmedabad,348989907, HDFC bank,HDF033301,9899123001
ID12165,Lawrence,FEMALE,Ahmedabad,342233457, HDFC bank,HDF033301,9889911231
ID12166,Ira,MALE,Ahmedabad,389882177, HDFC bank,HDF033301,9445600131
ID12167,Patrick,MALE,Ahmedabad,312778977, HDFC bank,HDF033301,9000112341
ID12168,Guy,MALE,Ahmedabad,349000177, HDFC bank,HDF033301,9971445231
ID12169,Oliver,MALE,Ahmedabad,301010277, HDFC bank,HDF033301,9977881301
ID12170,Theodore,FEMALE,Ahmedabad,348467577, HDFC bank,HDF033301,9926671131
ID12171,Hugh,FEMALE,Ahmedabad,349998127, HDFC bank,HDF033301,9923771121
ID12172,Clyde,MALE,Ahmedabad,345600001, HDFC bank,HDF033301,9926771231
ID12173,Alexander,MALE,Ahmedabad,342300100, HDFC bank,HDF033301,9923478111
ID12174,August,FEMALE,Ahmedabad,348900111, HDFC bank,HDF033301,9923445301
ID12175,Floyd,FEMALE,Ahmedabad,312490012,Baroda  bank,BO0443321,9923444501
ID12176,Homer,FEMALE,Ahmedabad,323455677,Baroda  bank,BO0443321,9923400101
ID12177,Jack,FEMALE,Ahmedabad,342350017,Baroda  bank,BO0443321,9921667231
ID12178,Leonard,MALE,Ahmedabad,389991223,Baroda  bank,BO0443321,9902304031
ID12179,Horace,FEMALE,Ahmedabad,346781123,Baroda  bank,BO0443321,9912300221
ID12180,Marion,FEMALE,Ahmedabad,377111002,Baroda  bank,BO0443321,9926700121
ID12181,Philip,FEMALE,Ahmedabad,345679011,Baroda  bank,BO0443321,9923458901
ID12182,Allen,MALE,Ahmedabad,349000123,Baroda  bank,BO0443321,9923458900
ID12183,Archie,FEMALE,Ahmedabad,385858123,Baroda  bank,BO0443321,9923491251
ID12184,Stephen,FEMALE,Ahmedabad,390223456,Baroda  bank,BO0443321,9923781121
ID12185,Chester,MALE,Ahmedabad,300122345,Baroda  bank,BO0443321,9988912301
ID12186,Willis,MALE,Ahmedabad,312889023,Baroda  bank,BO0443321,9927881201
ID12187,Raymond,FEMALE,Ahmedabad,300991123,Baroda  bank,BO0443321,9990011901
ID12188,Rufus,FEMALE,Ahmedabad,341255678,Baroda  bank,BO0443321,9923778901
ID12189,Warren,FEMALE,Ahmedabad,346777112,Baroda  bank,BO0443321,9921113901
ID12190,Jessie,FEMALE,Ahmedabad,345622345,Baroda  bank,BO0443321,9919900901
ID12191,Milton,MALE,Ahmedabad,342455678,Baroda  bank,BO0443321,9188928901
ID12192,Alex,FEMALE,Ahmedabad,348999012,Baroda  bank,BO0443321,9990123901
ID12193,Leo,FEMALE,Ahmedabad,348923345,Baroda  bank,BO0443321,9967722301
ID12194,Julius,MALE,Ahmedabad,340014823,Baroda  bank,BO0443321,9920000221
ID12195,Ray,MALE,Ahmedabad,342248277,Baroda  bank,BO0443321,9001886901
ID12196,Sidney,FEMALE,Ahmedabad,349941277,Baroda  bank,BO0443321,9002456701
ID12197,Bernard,MALE,Ahmedabad,348399123,Baroda  bank,BO0443321,9001567021
ID12198,Dan,MALE,Ahmedabad,340012457,Baroda  bank,BO0443321,9000015691
ID12199,Jerry,FEMALE,Ahmedabad,340001247,Baroda  bank,BO0443321,9005622018
